{
  "project_info": {
    "project_number": "287110946212",
    "project_id": "pruebafb-2024",
    "storage_bucket": "pruebafb-2024.appspot.com"
  },
  "client": [
    {
      "client_info": {
        "mobilesdk_app_id": "1:287110946212:android:c39c8da14d15038f9a3531",
        "android_client_info": {
          "package_name": "com.chr.tarea5"
        }
      },
      "oauth_client": [
        {
          "client_id": "287110946212-34u3ft7lkpinrjj9ivkoodlp24sa7fje.apps.googleusercontent.com",
          "client_type": 3
        }
      ],
      "api_key": [
        {
          "current_key": "AIzaSyDAwLrfopIglzEG4JEwYo_MMCVNyIvPnkQ"
        }
      ],
      "services": {
        "appinvite_service": {
          "other_platform_oauth_client": [
            {
              "client_id": "287110946212-34u3ft7lkpinrjj9ivkoodlp24sa7fje.apps.googleusercontent.com",
              "client_type": 3
            }
          ]
        }
      }
    }
  ],
  "configuration_version": "1"
}